INSERT INTO rideshare_user VALUES ('cas175', 'Calleigh Smith', 'cas175@duke.edu', 6467250830, 'Undergraduate', 'Trinity', 'abc123!');
INSERT INTO rideshare_user VALUES ('mjb128', 'Meredith Brown', 'mjb128@duke.edu', 2025550149, 'Undergraduate', 'Trinity', '525613abc');
INSERT INTO rideshare_user VALUES ('gal16', 'Grace Llewellyn', 'gal16@duke.edu', 2025550169, 'Undergraduate', 'Pratt', 'marley73');
INSERT INTO rideshare_user VALUES ('agk19', 'Adam Krekorian', 'agk19@duke.edu', 2025550116, 'Undergraduate', 'Pratt', 'blue98');
INSERT INTO rideshare_user VALUES ('ijs5', 'Isabel Shiff', 'ijs5@duke.edu', 2025550143, 'Graduate', 'Nicolas', 'cars313');
INSERT INTO rideshare_user VALUES ('cab186', 'Catherine Bailey', 'cab186@duke.edu', 2025550185, 'Undergraduate', 'Pratt', 'giants78');
INSERT INTO rideshare_user VALUES ('abc123', 'Alice Curly', 'abc123@duke.edu', 2025550130, 'Graduate', 'Law', 'd0g123');
INSERT INTO rideshare_user VALUES ('mem20', 'Matt Mendoza', 'mem20@duke.edu', 9177250830, 'Undergraduate', 'Trinity', 'devils99');
INSERT INTO rideshare_user VALUES ('dlc7', 'David Cleary', 'dlc7@duke.edu', 9179303511, 'Undergraduate', 'Trinity', '9453247784');
INSERT INTO rideshare_user VALUES ('sfs60', 'Sarah Smith', 'sfs60@duke.edu', 6468948524, 'Graduate', 'Fuqua', 'abcdefgh');
INSERT INTO rideshare_user VALUES ('yjk10', 'Yang Kit', 'yjk10@duke.edu', 7263827192, 'Undergraduate', 'Pratt', 'ijklmnop');
INSERT INTO rideshare_user VALUES ('lmn66', 'Leo Nango', 'lmn66@duke.edu', 7280272392, 'Graduate', 'Nursing', 'qrstuv123');
INSERT INTO rideshare_user VALUES ('hjj7', 'Hallie Juno', 'hjj7@duke.edu', 9178293721, 'Undergraduate', 'Trinity', 'wxyz990');
INSERT INTO rideshare_user VALUES ('ams27', 'Alex Sanso', 'ams27@duke.edu', 6319282211, 'Graduate', 'Nicolas', 'hamlet63');
INSERT INTO rideshare_user VALUES ('tkp9', 'Thomas Pack', 'tkp9@duke.edu', 7827349921, 'Undergraduate', 'Trinity', 'daisy94');

INSERT INTO Driver VALUES ('cas175', 123456789, 'ABC1234', 'NY');
INSERT INTO Driver VALUES ('mjb128', 102936789, 'ABC0000', 'NC');
INSERT INTO Driver VALUES ('gal16', 492749678, '7TYP290', 'CA');
INSERT INTO Driver VALUES ('agk19', 834839984, 'N33FNX', 'NJ');
INSERT INTO Driver VALUES ('ijs5', 883476354, 'IJS1008', 'NY');

INSERT INTO Ride VALUES ('San Francisco, CA', 'Durham, NC', 2020-01-02, 00:00:00, 23:59:00, 1, 200, 'join me on a road trip!');
INSERT INTO Ride VALUES ('New York, NY', 'Durham, NC', 2020-01-02, 00:01:00, 23:59:00, 2, 50, 'going to 360 East 88th Street');
INSERT INTO Ride VALUES ('New York, NY', 'Durham, NC', 2020-01-03, 02:00:00, 05:00:00, 3, 75, 'no pets please');
INSERT INTO Ride VALUES ('Raleigh, NC', 'Durham, NC', 2020-01-01, 03:00:00, 08:00:00, 6, 5, 'do not have much room in trunk');
INSERT INTO Ride VALUES ('Dallas, TX', 'Durham, NC', 2020-01-02, 04:00:00, 04:30:00, 3, 75, 'need someone who will help me drive');
INSERT INTO Ride VALUES ('New York, NY', 'Durham, NC', 2020-01-10, 05:00:00, 20:00:00, 2, NULL, 'good singers only');
INSERT INTO Ride VALUES ('Detroit, MI', 'Durham, NC', 2020-02-14, 06:00:00, 06:00:00, 1, 50, 'going to 2636 McAlpine');
INSERT INTO Ride VALUES ('Myrtle Beach, SC', 'Durham, NC', 2020-05-01, 07:00:00, 07:45:00, 4, 25, 'yay');
INSERT INTO Ride VALUES ('Los Angeles, CA', 'Durham, NC', 2020-08-22, 08:00:00, 10:00:00, 1, 200, 'long ride, need help');
INSERT INTO Ride VALUES ('Charlotte, NC', 'Durham, NC', 2020-10-04, 09:00:00, 23:59:00, 1, 10, NULL);
INSERT INTO Ride VALUES ('Denver, CO', 'Durham, NC', 2020-12-24, 10:00:00, 10:15:00, 3, 75, 'no pets please');
INSERT INTO Ride VALUES ('Miami, FL', 'Durham, NC', 2020-08-20, 11:00:00, 13:30:00, 2, NULL, 'bring your swimsuit');
INSERT INTO Ride VALUES ('Raleigh, NC', 'Durham, NC', 2020-05-01, 12:00:00, 13:05:00, 3, NULL, NULL);
INSERT INTO Ride VALUES ('Seattle, WA', 'Durham, NC', 2020-04-20, 13:00:00, 15:30:00, 5, 300, NUL'bad weather expected');
INSERT INTO Ride VALUES ('Washington, DC', 'Durham, NC', 2020-03-29, 14:00:00, 14:00:00, 5, 50, NULL);
INSERT INTO Ride VALUES ('Durham, NC', 'Miami, FL', 2020-05-05, 15:00:00, 15:00:00, 5, 100, 'to sunnier days');
INSERT INTO Ride VALUES ('Durham, NC', 'Charlotte, NC', 2020-07-04, 16:00:00, 16:15:00, 6, 15, NULL);
INSERT INTO Ride VALUES ('Durham, NC', 'Chicago, IL', 2020-06-20, 17:00:00, 23:40:00, 2, NULL, 'searching for fellow deep dish lovers');
INSERT INTO Ride VALUES ('Durham, NC', 'New York, NY', 2021-01-01, 18:00:00, 18:00:00, 2, 100, NULL);
INSERT INTO Ride VALUES ('Durham, NC', 'Raleigh, NC', 2020-02-03, 19:00:00, 23:59:00, 2, 25, 'going to 123 Main Street');
INSERT INTO Ride VALUES ('Durham, NC', 'New York, NY', 2020-12-25, 20:00:00, 23:59:00, 3, NULL, 'Long drive home');
INSERT INTO Ride VALUES ('Durham, NC', 'Philadelphia, PN', 2020-07-07, 21:00:00, 21:45:00, 1, 50, NULL);
INSERT INTO Ride VALUES ('Durham, NC', 'Houston, TX', 2020-11-25, 22:00:00, 22:50:00, 1, 300, 'Yeehaw');
INSERT INTO Ride VALUES ('Durham, NC', 'Phoenix, AZ', 2020-01-06, 23:00:00, 23:10:00, 1, 250, 'Road trip');
INSERT INTO Ride VALUES ('Durham, NC', 'Denver, CO', 2020-01-08, 12:00:00, 12:45:00, 4, 250, 'Ski trip');
INSERT INTO Ride VALUES ('Durham, NC', 'San Francisco, CA', 2020-02-28, 09:00:00, 19:00:00, 4, 300, 'Going home');
INSERT INTO Ride VALUES ('Durham, NC', 'Washington, DC', 2020-01-19, 15:00:00, 15:20:00, 4, NULL, NULL);
INSERT INTO Ride VALUES ('Durham, NC', 'Detroit, MI', 2020-09-05, 21:00:00, 21:45:00, 1, 100, 'I can drop off at the Motown Museum');
INSERT INTO Ride VALUES ('Durham, NC', 'Boston, MA', 2020-05-30, 00:00:00, 23:59:00, 2, 175, NULL);
INSERT INTO Ride VALUES ('Durham, NC', 'Nashville, TN', 2020-11-04, 00:00:00, 12:00:00, 2, 60, 'Searching for good music');

INSERT INTO Reserve VALUES ('cas175', 1, 1, 'cannot wait');
INSERT INTO Reserve VALUES ('mjb128', 2, 1, NULL);
INSERT INTO Reserve VALUES ('gal16', 2, 1, NULL);
INSERT INTO Reserve VALUES ('agk19', 4, 4, 'Do you have room for a dog?');
INSERT INTO Reserve VALUES ('ijs5', 4, 2, 'I am excited');
INSERT INTO Reserve VALUES ('cab186', 6, 2, 'I can help drive');
INSERT INTO Reserve VALUES ('abc123', 7, 1, NULL);
INSERT INTO Reserve VALUES ('mem20', 3, 2, 'Save room for me and my friend');
INSERT INTO Reserve VALUES ('dlc7', 8, 1, 'WOO');
INSERT INTO Reserve VALUES ('sfs60', 10, 1, NULL);

INSERT INTO Post VALUES ('cas175', 10);
INSERT INTO Post VALUES ('mjb128', 9);
INSERT INTO Post VALUES ('gal16', 8);
INSERT INTO Post VALUES ('agk19', 7);
INSERT INTO Post VALUES ('ijs5', 6);
INSERT INTO Post VALUES ('cas175', 5);
INSERT INTO Post VALUES ('mjb128', 4);
INSERT INTO Post VALUES ('gal16', 3);
INSERT INTO Post VALUES ('agk19', 2);
INSERT INTO Post VALUES ('ijs5', 1);
INSERT INTO Post VALUES ('cas175', 11);
INSERT INTO Post VALUES ('mjb128', 12);
INSERT INTO Post VALUES ('gal16', 13);
INSERT INTO Post VALUES ('agk19', 14);
INSERT INTO Post VALUES ('ijs5', 15);
INSERT INTO Post VALUES ('cas175', 15);
INSERT INTO Post VALUES ('mjb128', 17);
INSERT INTO Post VALUES ('gal16', 18);
INSERT INTO Post VALUES ('agk19', 19);
INSERT INTO Post VALUES ('ijs5', 20);
INSERT INTO Post VALUES ('cas175', 21);
INSERT INTO Post VALUES ('mjb128', 22);
INSERT INTO Post VALUES ('gal16', 23);
INSERT INTO Post VALUES ('agk19', 24);
INSERT INTO Post VALUES ('ijs5', 25);
INSERT INTO Post VALUES ('cas175', 26);
INSERT INTO Post VALUES ('mjb128', 27);
INSERT INTO Post VALUES ('gal16', 28);
INSERT INTO Post VALUES ('agk19', 29);
INSERT INTO Post VALUES ('ijs5', 30);